context_utility_id,phase,source_dataset,run_label,sample_id,fov_id,cell_type,pathway,stratum_kind,gate_name,gate_passed,gate_description,evidence_class,context_utility_score,route_recommendation
cus_001,CP-4.10,xenium_breast_v1,cp3lr_mu128_mg128_k5_steps12,not_recorded,not_recorded,not_recorded,not_recorded,registered_gate,raw_receptor_signal_gate_passed,False,raw neighbor ligand signal predicts receptor target,negative_context,0.0,expression_only
cus_001,CP-4.10,xenium_breast_v1,cp3lr_mu128_mg128_k5_steps12,not_recorded,not_recorded,not_recorded,not_recorded,registered_gate,residual_receptor_gate_passed,False,neighbor context explains receptor residual after center-only baseline,negative_context,0.0,expression_only
cus_001,CP-4.10,xenium_breast_v1,cp3lr_mu128_mg128_k5_steps12,not_recorded,not_recorded,not_recorded,not_recorded,registered_gate,residual_module_gate_passed,False,neighbor context explains pathway/module residual after center-only baseline,negative_context,0.0,expression_only
cus_001,CP-4.10,xenium_breast_v1,cp3lr_mu128_mg128_k5_steps12,not_recorded,not_recorded,not_recorded,not_recorded,registered_gate,contrastive_context_gate_passed,False,true context is separable from wrong context,negative_context,0.0,expression_only
cus_002,CP-4.11,xenium_breast_biomarkers_v1,cp6a_loader_smoke,not_recorded,not_recorded,not_recorded,not_recorded,registered_gate,residual_signal_gate_passed,False,second-dataset residual signal gate passed,negative_context,0.0,expression_only
cus_002,CP-4.11,xenium_breast_biomarkers_v1,cp6a_loader_smoke,not_recorded,not_recorded,not_recorded,not_recorded,registered_gate,target_coverage_gate_passed,True,target coverage is sufficient for signal tests,negative_context,0.0,expression_only
cus_002,CP-4.11,xenium_breast_biomarkers_v1,cp6a_loader_smoke,not_recorded,not_recorded,not_recorded,not_recorded,registered_gate,spatial_label_gate_passed,True,spatial label signal or label feasibility gate passed,negative_context,0.0,expression_only
cus_002,CP-4.11,xenium_breast_biomarkers_v1,cp6a_loader_smoke,not_recorded,not_recorded,not_recorded,not_recorded,registered_gate,heldout_gate_passed,True,held-out split feasibility gate passed,negative_context,0.0,expression_only
cus_003,CP-4.11,xenium_breast_biomarkers_v1,cp6b_loader_top4_s1000,not_recorded,not_recorded,not_recorded,not_recorded,registered_gate,residual_signal_gate_passed,False,second-dataset residual signal gate passed,negative_context,0.0,expression_only
cus_003,CP-4.11,xenium_breast_biomarkers_v1,cp6b_loader_top4_s1000,not_recorded,not_recorded,not_recorded,not_recorded,registered_gate,target_coverage_gate_passed,True,target coverage is sufficient for signal tests,negative_context,0.0,expression_only
cus_003,CP-4.11,xenium_breast_biomarkers_v1,cp6b_loader_top4_s1000,not_recorded,not_recorded,not_recorded,not_recorded,registered_gate,spatial_label_gate_passed,True,spatial label signal or label feasibility gate passed,negative_context,0.0,expression_only
cus_003,CP-4.11,xenium_breast_biomarkers_v1,cp6b_loader_top4_s1000,not_recorded,not_recorded,not_recorded,not_recorded,registered_gate,heldout_gate_passed,True,held-out split feasibility gate passed,negative_context,0.0,expression_only
cus_004,CP-4.11,xenium_breast_biomarkers_v1,cp6c_loader_all12_s500,not_recorded,not_recorded,not_recorded,not_recorded,registered_gate,residual_signal_gate_passed,False,second-dataset residual signal gate passed,negative_context,0.0,expression_only
cus_004,CP-4.11,xenium_breast_biomarkers_v1,cp6c_loader_all12_s500,not_recorded,not_recorded,not_recorded,not_recorded,registered_gate,target_coverage_gate_passed,True,target coverage is sufficient for signal tests,negative_context,0.0,expression_only
cus_004,CP-4.11,xenium_breast_biomarkers_v1,cp6c_loader_all12_s500,not_recorded,not_recorded,not_recorded,not_recorded,registered_gate,spatial_label_gate_passed,True,spatial label signal or label feasibility gate passed,negative_context,0.0,expression_only
cus_004,CP-4.11,xenium_breast_biomarkers_v1,cp6c_loader_all12_s500,not_recorded,not_recorded,not_recorded,not_recorded,registered_gate,heldout_gate_passed,True,held-out split feasibility gate passed,negative_context,0.0,expression_only
cus_005,CP-4.7,xenium_breast_v1,cp3lr_mu128_mg128_k5_steps12,not_recorded,not_recorded,not_recorded,not_recorded,registered_gate,proof_gate_passed,False,learned true-neighbor context beats center-only and wrong-context references,negative_context,0.0,expression_only
cus_005,CP-4.7,xenium_breast_v1,cp3lr_mu128_mg128_k5_steps12,not_recorded,not_recorded,not_recorded,not_recorded,registered_gate,masked_gene_gate_passed,False,masked-gene proof gate passed,negative_context,0.0,expression_only
cus_005,CP-4.7,xenium_breast_v1,cp3lr_mu128_mg128_k5_steps12,not_recorded,not_recorded,not_recorded,not_recorded,registered_gate,ligand_receptor_gate_passed,False,ligand-receptor proof gate passed,negative_context,0.0,expression_only
cus_006,CP-4.7R,xenium_breast_v1,cp3lr_mu128_mg128_k5_steps12,not_recorded,not_recorded,not_recorded,not_recorded,registered_gate,upstream_cp47_proof_gate_passed,False,upstream_cp47_proof_gate_passed,insufficient_evidence,0.05,metadata_only
cus_007,CP-4.8,xenium_breast_v1,cp3lr_mu128_mg128_k5_steps12,not_recorded,not_recorded,not_recorded,not_recorded,registered_gate,positive_control_gate_passed,True,injected or synthetic positive-control gate passed,positive_control_only,0.7,abstain_uncertain
cus_008,CP-4.9,xenium_breast_v1,cp3lr_mu128_mg128_k5_steps12,not_recorded,not_recorded,not_recorded,not_recorded,registered_gate,proof_gate_passed,False,learned true-neighbor context beats center-only and wrong-context references,negative_context,0.0,expression_only
cus_008,CP-4.9,xenium_breast_v1,cp3lr_mu128_mg128_k5_steps12,not_recorded,not_recorded,not_recorded,not_recorded,registered_gate,masked_gene_gate_passed,False,masked-gene proof gate passed,negative_context,0.0,expression_only
cus_008,CP-4.9,xenium_breast_v1,cp3lr_mu128_mg128_k5_steps12,not_recorded,not_recorded,not_recorded,not_recorded,registered_gate,ligand_receptor_gate_passed,False,ligand-receptor proof gate passed,negative_context,0.0,expression_only
cus_017,CP-6K,cosmx_6k_bcc_yerly_2024,cp6l_cosmx_6k_bcc_s12000,not_recorded,not_recorded,not_recorded,not_recorded,registered_gate,strict_conditioned_gate_passed,False,conditioned/localized strict FDR-controlled gate passed,negative_context,0.0,expression_only
cus_017,CP-6K,cosmx_6k_bcc_yerly_2024,cp6l_cosmx_6k_bcc_s12000,not_recorded,not_recorded,not_recorded,not_recorded,registered_gate,exploratory_localized_lead_found,False,localized exploratory lead found without strict gate pass,negative_context,0.0,expression_only
cus_018,CP-6K,cosmx_6k_bcc_yerly_2024,cp6l_cosmx_6k_bcc_s20000,not_recorded,not_recorded,not_recorded,not_recorded,registered_gate,strict_conditioned_gate_passed,False,conditioned/localized strict FDR-controlled gate passed,negative_context,0.0,expression_only
cus_018,CP-6K,cosmx_6k_bcc_yerly_2024,cp6l_cosmx_6k_bcc_s20000,not_recorded,not_recorded,not_recorded,not_recorded,registered_gate,exploratory_localized_lead_found,False,localized exploratory lead found without strict gate pass,negative_context,0.0,expression_only
cus_019,CP-6K,gse277782_cosmx_pdac_metastasis,cp6g_gse277782_slides12_s9000,not_recorded,not_recorded,not_recorded,not_recorded,registered_gate,strict_conditioned_gate_passed,False,conditioned/localized strict FDR-controlled gate passed,negative_context,0.0,expression_only
cus_019,CP-6K,gse277782_cosmx_pdac_metastasis,cp6g_gse277782_slides12_s9000,not_recorded,not_recorded,not_recorded,not_recorded,registered_gate,exploratory_localized_lead_found,False,localized exploratory lead found without strict gate pass,negative_context,0.0,expression_only
cus_020,CP-6K,gse310352_cosmx_pdac_1k,cp6j_gse310352_all8_s30000,not_recorded,not_recorded,not_recorded,not_recorded,registered_gate,strict_conditioned_gate_passed,False,conditioned/localized strict FDR-controlled gate passed,localized_exploratory,0.35,abstain_uncertain
cus_020,CP-6K,gse310352_cosmx_pdac_1k,cp6j_gse310352_all8_s30000,not_recorded,not_recorded,not_recorded,not_recorded,registered_gate,exploratory_localized_lead_found,True,localized exploratory lead found without strict gate pass,localized_exploratory,0.35,abstain_uncertain
cus_023,EC-XDATA-01A,gse277782_cosmx_pdac_metastasis,cp6g_gse277782_slides12_s9000,not_recorded,not_recorded,not_recorded,not_recorded,registered_gate,bio_gate_replay_passed,False,external bio-gate replay passed across variants,localized_exploratory,0.35,abstain_uncertain
